{
  "project_info": {
    "project_number": "773979056230",
    "firebase_url": "https://giftex-uat-default-rtdb.asia-southeast1.firebasedatabase.app",
    "project_id": "giftex-uat",
    "storage_bucket": "giftex-uat.appspot.com"
  },
  "client": [
    {
      "client_info": {
        "mobilesdk_app_id": "1:773979056230:android:718479a2546ace6b4f25a7",
        "android_client_info": {
          "package_name": "com.giftex"
        }
      },
      "oauth_client": [],
      "api_key": [
        {
          "current_key": "AIzaSyB39Z0NQ0fr57PsWFFrKCJQA1jaqmSHy74"
        }
      ],
      "services": {
        "appinvite_service": {
          "other_platform_oauth_client": []
        }
      }
    }
  ],
  "configuration_version": "1"
}